<?xml version="1.0" encoding="ISO-8859-1"?>
<atlas version="1.0">
	<header>
		<name>AAL3v1</name>
		<type>Label</type>
		<images>
			<imagefile>/AAL3/AAL3v1</imagefile>
			<summaryimagefile>/AAL3/AAL3v1</summaryimagefile>
		</images>
	</header>
	<data>
    <label index="0" x="0" y="0" z="0">NA</label>
    <label index="1" x="64" y="59" z="60">Precentral_L</label>
    <label index="2" x="24" y="58" z="61">Precentral_R</label>
    <label index="3" x="55" y="80" z="53">Frontal_Sup_2_L</label>
    <label index="4" x="33" y="79" z="54">Frontal_Sup_2_R</label>
    <label index="5" x="62" y="79" z="50">Frontal_Mid_2_L</label>
    <label index="6" x="25" y="79" z="50">Frontal_Mid_2_R</label>
    <label index="7" x="69" y="68" z="44">Frontal_Inf_Oper_L</label>
    <label index="8" x="20" y="69" z="46">Frontal_Inf_Oper_R</label>
    <label index="9" x="67" y="77" z="42">Frontal_Inf_Tri_L</label>
    <label index="10" x="19" y="77" z="42">Frontal_Inf_Tri_R</label>
    <label index="11" x="65" y="78" z="31">Frontal_Inf_Orb_2_L</label>
    <label index="12" x="22" y="79" z="32">Frontal_Inf_Orb_2_R</label>
    <label index="13" x="68" y="58" z="42">Rolandic_Oper_L</label>
    <label index="14" x="18" y="59" z="42">Rolandic_Oper_R</label>
    <label index="15" x="47" y="64" z="66">Supp_Motor_Area_L</label>
    <label index="16" x="40" y="62" z="66">Supp_Motor_Area_R</label>
    <label index="17" x="48" y="69" z="29">Olfactory_L</label>
    <label index="18" x="39" y="70" z="29">Olfactory_R</label>
    <label index="19" x="47" y="86" z="50">Frontal_Sup_Medial_L</label>
    <label index="20" x="40" y="87" z="50">Frontal_Sup_Medial_R</label>
    <label index="21" x="47" y="89" z="31">Frontal_Med_Orb_L</label>
    <label index="22" x="41" y="88" z="31">Frontal_Med_Orb_R</label>
    <label index="23" x="47" y="80" z="26">Rectus_L</label>
    <label index="24" x="40" y="80" z="26">Rectus_R</label>
    <label index="25" x="52" y="80" z="25">OFCmed_L</label>
    <label index="26" x="36" y="81" z="25">OFCmed_R</label>
    <label index="27" x="57" y="86" z="27">OFCant_L</label>
    <label index="28" x="30" y="87" z="27">OFCant_R</label>
    <label index="29" x="59" y="74" z="26">OFCpost_L</label>
    <label index="30" x="28" y="75" z="26">OFCpost_R</label>
    <label index="31" x="66" y="82" z="28">OFClat_L</label>
    <label index="32" x="21" y="81" z="27">OFClat_R</label>
    <label index="33" x="62" y="65" z="37">Insula_L</label>
    <label index="34" x="25" y="65" z="36">Insula_R</label>
    <label index="35" x="0" y="35" z="0">Cingulate_Ant_L</label>
    <label index="36" x="0" y="36" z="0">Cingulate_Ant_R</label>
    <label index="37" x="47" y="54" z="56">Cingulate_Mid_L</label>
    <label index="38" x="41" y="57" z="55">Cingulate_Mid_R</label>
    <label index="39" x="47" y="40" z="47">Cingulate_Post_L</label>
    <label index="40" x="41" y="41" z="46">Cingulate_Post_R</label>
    <label index="41" x="57" y="52" z="30">Hippocampus_L</label>
    <label index="42" x="30" y="52" z="30">Hippocampus_R</label>
    <label index="43" x="55" y="54" z="25">ParaHippocampal_L</label>
    <label index="44" x="32" y="54" z="25">ParaHippocampal_R</label>
    <label index="45" x="56" y="62" z="26">Amygdala_L</label>
    <label index="46" x="31" y="62" z="26">Amygdala_R</label>
    <label index="47" x="48" y="23" z="38">Calcarine_L</label>
    <label index="48" x="37" y="25" z="40">Calcarine_R</label>
    <label index="49" x="48" y="22" z="48">Cuneus_L</label>
    <label index="50" x="38" y="22" z="49">Cuneus_R</label>
    <label index="51" x="52" y="28" z="32">Lingual_L</label>
    <label index="52" x="36" y="28" z="33">Lingual_R</label>
    <label index="53" x="53" y="20" z="49">Occipital_Sup_L</label>
    <label index="54" x="33" y="21" z="50">Occipital_Sup_R</label>
    <label index="55" x="61" y="22" z="43">Occipital_Mid_L</label>
    <label index="56" x="26" y="22" z="45">Occipital_Mid_R</label>
    <label index="57" x="63" y="23" z="31">Occipital_Inf_L</label>
    <label index="58" x="26" y="21" z="31">Occipital_Inf_R</label>
    <label index="59" x="60" y="42" z="25">Fusiform_L</label>
    <label index="60" x="28" y="42" z="25">Fusiform_R</label>
    <label index="61" x="66" y="51" z="59">Postcentral_L</label>
    <label index="62" x="24" y="49" z="61">Postcentral_R</label>
    <label index="63" x="56" y="32" z="64">Parietal_Sup_L</label>
    <label index="64" x="32" y="32" z="66">Parietal_Sup_R</label>
    <label index="65" x="66" y="39" z="58">Parietal_Inf_L</label>
    <label index="66" x="21" y="39" z="60">Parietal_Inf_R</label>
    <label index="67" x="73" y="45" z="50">SupraMarginal_L</label>
    <label index="68" x="16" y="46" z="52">SupraMarginal_R</label>
    <label index="69" x="67" y="31" z="53">Angular_L</label>
    <label index="70" x="22" y="32" z="54">Angular_R</label>
    <label index="71" x="48" y="34" z="59">Precuneus_L</label>
    <label index="72" x="40" y="34" z="57">Precuneus_R</label>
    <label index="73" x="48" y="49" z="70">Paracentral_Lobule_L</label>
    <label index="74" x="41" y="46" z="69">Paracentral_Lobule_R</label>
    <label index="75" x="51" y="67" z="41">Caudate_L</label>
    <label index="76" x="37" y="68" z="41">Caudate_R</label>
    <label index="77" x="57" y="64" z="36">Putamen_L</label>
    <label index="78" x="31" y="64" z="36">Putamen_R</label>
    <label index="79" x="54" y="62" z="35">Pallidum_L</label>
    <label index="80" x="34" y="62" z="35">Pallidum_R</label>
    <label index="81" x="0" y="81" z="0">Thalamus_L</label>
    <label index="82" x="0" y="82" z="0">Thalamus_R</label>
    <label index="83" x="66" y="52" z="40">Heschl_L</label>
    <label index="84" x="22" y="53" z="40">Heschl_R</label>
    <label index="85" x="71" y="51" z="38">Temporal_Sup_L</label>
    <label index="86" x="16" y="51" z="38">Temporal_Sup_R</label>
    <label index="87" x="65" y="69" z="25">Temporal_Pole_Sup_L</label>
    <label index="88" x="21" y="69" z="26">Temporal_Pole_Sup_R</label>
    <label index="89" x="72" y="45" z="34">Temporal_Mid_L</label>
    <label index="90" x="16" y="43" z="34">Temporal_Mid_R</label>
    <label index="91" x="63" y="69" z="18">Temporal_Pole_Mid_L</label>
    <label index="92" x="22" y="69" z="19">Temporal_Pole_Mid_R</label>
    <label index="93" x="70" y="48" z="23">Temporal_Inf_L</label>
    <label index="94" x="18" y="46" z="24">Temporal_Inf_R</label>
    <label index="95" x="62" y="29" z="20">Cerebellum_Crus1_L</label>
    <label index="96" x="25" y="28" z="20">Cerebellum_Crus1_R</label>
    <label index="97" x="58" y="25" z="16">Cerebellum_Crus2_L</label>
    <label index="98" x="28" y="27" z="15">Cerebellum_Crus2_R</label>
    <label index="99" x="49" y="43" z="26">Cerebellum_3_L</label>
    <label index="100" x="38" y="45" z="25">Cerebellum_3_R</label>
    <label index="101" x="52" y="40" z="26">Cerebellum_4_5_L</label>
    <label index="102" x="36" y="40" z="26">Cerebellum_4_5_R</label>
    <label index="103" x="56" y="32" z="24">Cerebellum_6_L</label>
    <label index="104" x="32" y="33" z="23">Cerebellum_6_R</label>
    <label index="105" x="60" y="32" z="12">Cerebellum_7b_L</label>
    <label index="106" x="28" y="30" z="11">Cerebellum_7b_R</label>
    <label index="107" x="57" y="35" z="11">Cerebellum_8_L</label>
    <label index="108" x="32" y="34" z="10">Cerebellum_8_R</label>
    <label index="109" x="50" y="37" z="12">Cerebellum_9_L</label>
    <label index="110" x="39" y="37" z="12">Cerebellum_9_R</label>
    <label index="111" x="55" y="45" z="14">Cerebellum_10_L</label>
    <label index="112" x="31" y="45" z="14">Cerebellum_10_R</label>
    <label index="113" x="44" y="42" z="25">Vermis_1_2</label>
    <label index="114" x="43" y="42" z="29">Vermis_3</label>
    <label index="115" x="44" y="36" z="32">Vermis_4_5</label>
    <label index="116" x="44" y="28" z="27">Vermis_6</label>
    <label index="117" x="44" y="26" z="22">Vermis_7</label>
    <label index="118" x="44" y="30" z="18">Vermis_8</label>
    <label index="119" x="44" y="34" z="17">Vermis_9</label>
    <label index="120" x="44" y="39" z="19">Vermis_10</label>
    <label index="121" x="47" y="59" z="40">Thal_AV_L</label>
    <label index="122" x="42" y="60" z="40">Thal_AV_R</label>
    <label index="123" x="50" y="54" z="44">Thal_LP_L</label>
    <label index="124" x="40" y="55" z="43">Thal_LP_R</label>
    <label index="125" x="50" y="60" z="38">Thal_VA_L</label>
    <label index="126" x="39" y="61" z="38">Thal_VA_R</label>
    <label index="127" x="51" y="56" z="39">Thal_VL_L</label>
    <label index="128" x="38" y="57" z="39">Thal_VL_R</label>
    <label index="129" x="53" y="52" z="39">Thal_VPL_L</label>
    <label index="130" x="36" y="52" z="38">Thal_VPL_R</label>
    <label index="131" x="49" y="53" z="36">Thal_IL_L</label>
    <label index="132" x="40" y="54" z="36">Thal_IL_R</label>
    <label index="133" x="48" y="58" z="34">Thal_Re_L</label>
    <label index="134" x="42" y="58" z="34">Thal_Re_R</label>
    <label index="135" x="47" y="55" z="38">Thal_MDm_L</label>
    <label index="136" x="42" y="55" z="38">Thal_MDm_R</label>
    <label index="137" x="48" y="55" z="39">Thal_MDl_L</label>
    <label index="138" x="41" y="56" z="39">Thal_MDl_R</label>
    <label index="139" x="56" y="50" z="33">Thal_LGN_L</label>
    <label index="140" x="34" y="50" z="33">Thal_LGN_R</label>
    <label index="141" x="52" y="50" z="33">Thal_MGN_L</label>
    <label index="142" x="37" y="50" z="33">Thal_MGN_R</label>
    <label index="143" x="53" y="48" z="36">Thal_PuI_L</label>
    <label index="144" x="36" y="48" z="36">Thal_PuI_R</label>
    <label index="145" x="51" y="48" z="39">Thal_PuM_L</label>
    <label index="146" x="38" y="49" z="39">Thal_PuM_R</label>
    <label index="147" x="51" y="51" z="39">Thal_PuA_L</label>
    <label index="148" x="39" y="52" z="39">Thal_PuA_R</label>
    <label index="149" x="54" y="50" z="41">Thal_PuL_L</label>
    <label index="150" x="37" y="51" z="42">Thal_PuL_R</label>
    <label index="151" x="47" y="78" z="33">ACC_sub_L</label>
    <label index="152" x="42" y="78" z="33">ACC_sub_R</label>
    <label index="153" x="47" y="84" z="39">ACC_pre_L</label>
    <label index="154" x="40" y="84" z="42">ACC_pre_R</label>
    <label index="155" x="46" y="75" z="47">ACC_sup_L</label>
    <label index="156" x="41" y="76" z="46">ACC_sup_R</label>
    <label index="157" x="48" y="69" z="32">N_Acc_L</label>
    <label index="158" x="40" y="69" z="32">N_Acc_R</label>
    <label index="159" x="46" y="53" z="27">VTA_L</label>
    <label index="160" x="42" y="53" z="27">VTA_R</label>
    <label index="161" x="48" y="53" z="28">SN_pc_L</label>
    <label index="162" x="40" y="53" z="28">SN_pc_R</label>
    <label index="163" x="49" y="55" z="29">SN_pr_L</label>
    <label index="164" x="39" y="55" z="29">SN_pr_R</label>
    <label index="165" x="47" y="53" z="30">Red_N_L</label>
    <label index="166" x="42" y="53" z="30">Red_N_R</label>
    <label index="167" x="47" y="45" z="23">LC_L</label>
    <label index="168" x="42" y="45" z="22">LC_R</label>
    <label index="169" x="44" y="49" z="30">Raphe_D</label>
    <label index="170" x="45" y="47" z="25">Raphe_M</label>
	</data>
</atlas>
